{
  "Control_59_3-3_O": {
    "MCD": {
      "algo": "XGBoost",
      "variant_id": "XGBoost#017",
      "window_size": 3,
      "feature_variant": "irrigation_memory",
      "params": {
        "colsample_bytree": 1.0,
        "learning_rate": 0.08,
        "max_depth": 5,
        "min_child_weight": 7,
        "n_estimators": 600,
        "reg_lambda": 1.0,
        "subsample": 1.0
      },
      "rmse_mean": 124.33654477314492,
      "rmse_std": 70.57528702079927,
      "r2_mean": 0.3139442303316223,
      "mae_mean": 98.84308693065978,
      "holdout_rmse": 98.73702340271456,
      "holdout_r2": 0.7293931500560051,
      "score": 159.62418828354456,
      "baseline_score": 265.1719974225972,
      "improvement_vs_baseline_pct": 39.803527583964325,
      "feature_importances": {
        "MCD_lag1": 0.043676087881272675,
        "day_sin": 0.00978939282528767,
        "dpv": 0.1272346587884939,
        "humedad_Hd15": 0.012283892964518947,
        "humedad_Hd15_lag1": 0.023332872624503214,
        "humedad_Hd15_lag2": 0.00942409829154409,
        "humedad_Hd15_roll3d": 0.00972127588888777,
        "humedad_Hd25_lag1": 0.01437666616044925,
        "humedad_Hd25_roll3d": 0.013468430097235102,
        "humedad_Hd55": 0.04584411008222402,
        "humedad_Hd55_lag2": 0.009090732291169358,
        "humedad_Hd75": 0.026379286655322593,
        "humedad_Hd75_lag1": 0.013674500127990643,
        "tmax": 0.4934905409929646,
        "tmax_roll3d": 0.012421681214770913
      },
      "n_train_avg": 159.0,
      "n_folds": 5
    },
    "TasaBuenos": {
      "algo": "SVR",
      "variant_id": "SVR#006",
      "window_size": 28,
      "feature_variant": "target_only",
      "params": {
        "C": 100.0,
        "epsilon": 0.1,
        "gamma": "auto",
        "kernel": "linear"
      },
      "rmse_mean": 8.448153537830573,
      "rmse_std": 1.4112967822372855,
      "r2_mean": 0.7846094191153675,
      "mae_mean": 6.508750659608983,
      "holdout_rmse": 7.641025992439293,
      "holdout_r2": 0.8089167228069418,
      "score": 9.153801928949216,
      "baseline_score": 14.592369057614421,
      "improvement_vs_baseline_pct": 37.26993956356466,
      "feature_importances": {
        "TasaBuenos_diff1d": 0.026496762702935016,
        "TasaBuenos_ema30": 0.02341331552568534,
        "TasaBuenos_ema70": 0.047627835370917714,
        "TasaBuenos_lag1": 0.05279916990714303,
        "TasaBuenos_lag13": 0.025888412383762577,
        "TasaBuenos_lag14": 0.07594541443195563,
        "TasaBuenos_lag15": 0.09337428967290201,
        "TasaBuenos_lag2": 0.04396686415135833,
        "TasaBuenos_lag21": 0.0337391923387308,
        "TasaBuenos_lag22": 0.03938429875926482,
        "TasaBuenos_lag6": 0.024274694923136077,
        "TasaBuenos_lag7": 0.12172655168069954,
        "TasaBuenos_lag8": 0.13816650822554066,
        "TasaBuenos_median3d": 0.02343072643985343,
        "TasaBuenos_roll3d": 0.028541411869605165
      },
      "n_train_avg": 157.0,
      "n_folds": 5
    },
    "TasaSeveros": {
      "algo": "LightGBM",
      "variant_id": "LightGBM#012",
      "window_size": 3,
      "feature_variant": "soil_profile",
      "params": {
        "learning_rate": 0.03,
        "max_depth": -1,
        "min_data_in_leaf": 5,
        "n_estimators": 1200,
        "num_leaves": 127,
        "reg_lambda": 0.1
      },
      "rmse_mean": 3.907557642852992,
      "rmse_std": 2.469814003137856,
      "r2_mean": 0.5470077628762449,
      "mae_mean": 2.073837752560324,
      "holdout_rmse": 4.955059188099185,
      "holdout_r2": 0.5581379156196322,
      "score": 5.14246464442192,
      "baseline_score": 7.1421049906887175,
      "improvement_vs_baseline_pct": 27.997913064478364,
      "feature_importances": {
        "day_sin": 0.025808071854872067,
        "dpv": 0.02984104473202151,
        "dpv_lag1": 0.03762630739230633,
        "humedad_Hd05": 0.025571707144123382,
        "humedad_Hd25": 0.023429651952963423,
        "humedad_Hd35_lag1": 0.022661466643030197,
        "tmax": 0.04603202741830645,
        "tmax_lag1": 0.035306978668084854,
        "tmax_lag2": 0.02744785203569107,
        "tmax_roll3d": 0.021967145305205934,
        "tmin": 0.0409797317260533,
        "tmin_lag1": 0.04615020977368079,
        "tmin_lag2": 0.034095609525497846,
        "tmin_lag3": 0.03022513738698812,
        "tmin_roll3d": 0.02602966377119896
      },
      "n_train_avg": 163.0,
      "n_folds": 5
    }
  },
  "RDC_62_6-3_O": {
    "MCD": {
      "algo": "PLSRegression",
      "variant_id": "PLSRegression#004",
      "window_size": 3,
      "feature_variant": "irrigation_memory",
      "params": {
        "n_components": 3,
        "scale": false
      },
      "rmse_mean": 99.82531786147668,
      "rmse_std": 24.04302570245524,
      "r2_mean": -0.3099997521405553,
      "mae_mean": 82.8083580761832,
      "holdout_rmse": 109.58622909113386,
      "holdout_r2": -0.04967788172396,
      "score": 111.8468307127043,
      "baseline_score": 209.37943502291327,
      "improvement_vs_baseline_pct": 46.58174968307445,
      "feature_importances": {
        "MCD_lag1": 0.05734911606197489,
        "MCD_lag2": 0.04029886932909941,
        "MCD_lag3": 0.01658007032559536,
        "MCD_roll3d": 0.040432726457233496,
        "day_cos": 0.031087161888099294,
        "day_sin": 0.02394673137117157,
        "dpv": 0.07778133845021759,
        "dpv_lag1": 0.028869991324338998,
        "dpv_lag3": 0.02016968316907523,
        "humedad_Hd05": 0.046068340545902815,
        "humedad_Hd15": 0.04902393788728462,
        "humedad_Hd25": 0.035470938976188256,
        "humedad_Hd35": 0.02415558671962467,
        "tmax": 0.06802949666005056,
        "tmax_lag1": 0.026045691410552272
      },
      "n_train_avg": 158.0,
      "n_folds": 5
    },
    "TasaBuenos": {
      "algo": "PLSRegression",
      "variant_id": "PLSRegression#001",
      "window_size": 10,
      "feature_variant": "target_only",
      "params": {
        "n_components": 5,
        "scale": false
      },
      "rmse_mean": 8.116565273433755,
      "rmse_std": 0.356212091315523,
      "r2_mean": 0.7542077672574845,
      "mae_mean": 6.466710501379815,
      "holdout_rmse": 6.922849341648454,
      "holdout_r2": 0.8109530901578554,
      "score": 8.294671319091517,
      "baseline_score": 15.573309902202974,
      "improvement_vs_baseline_pct": 46.73790368791052,
      "feature_importances": {
        "TasaBuenos_diff1d": 0.05310912984419562,
        "TasaBuenos_ema30": 0.04701949483049025,
        "TasaBuenos_ema70": 0.08593487540648366,
        "TasaBuenos_lag1": 0.09794496536726917,
        "TasaBuenos_lag10": 0.02615204432376355,
        "TasaBuenos_lag2": 0.08277083722470499,
        "TasaBuenos_lag5": 0.008337481051610569,
        "TasaBuenos_lag6": 0.05985459520430498,
        "TasaBuenos_lag7": 0.1681239619945143,
        "TasaBuenos_lag8": 0.11341165557312984,
        "TasaBuenos_lag9": 0.08012543662628253,
        "TasaBuenos_median3d": 0.048590056213868145,
        "TasaBuenos_median7d": 0.015533097911112846,
        "TasaBuenos_roll14d": 0.032818352409094996,
        "TasaBuenos_roll3d": 0.058001449582370426
      },
      "n_train_avg": 161.0,
      "n_folds": 5
    },
    "TasaSeveros": {
      "algo": "SVR",
      "variant_id": "SVR#004",
      "window_size": 21,
      "feature_variant": "target_only",
      "params": {
        "C": 100.0,
        "epsilon": 0.2,
        "gamma": "auto",
        "kernel": "rbf"
      },
      "rmse_mean": 2.6944242884232983,
      "rmse_std": 1.3295578635195735,
      "r2_mean": 0.5810519347128394,
      "mae_mean": 1.0872269223917186,
      "holdout_rmse": 0.1988805396176257,
      "holdout_r2": 0.0,
      "score": 3.359203220183085,
      "baseline_score": 6.186518856014362,
      "improvement_vs_baseline_pct": 45.70123686089858,
      "feature_importances": {},
      "n_train_avg": 159.0,
      "n_folds": 5
    }
  },
  "Secano_53_3-2_O": {
    "MCD": {
      "algo": "PLSRegression",